Rule,ATT&CK Technique,Data Source,Status
suspicious-signin-velocity,T1078.004,Azure AD Sign-in Logs (SigninLogs),"converted (KQL) + hand-written aggregation (added after execution-verification found it missing, see kql-conversions/execution-verification/), execution-verified against a real Kusto engine - not yet deployed to a real Sentinel tenant"
impossible-travel,T1078.004,Azure AD Sign-in Logs (SigninLogs),execution-verified against a real Kusto engine - not yet deployed to a real Sentinel tenant
password-spray,T1110.003,Azure AD Sign-in Logs (SigninLogs),converted (KQL) + hand-written aggregation - execution-verified against a real Kusto engine - not yet deployed to a real Sentinel tenant
suspicious-oauth-consent,T1528,Entra ID Audit Logs (AuditLogs),execution-verified against a real Kusto engine - not yet deployed to a real Sentinel tenant
privileged-role-assignment,T1098.003,Entra ID Audit Logs (AuditLogs),execution-verified against a real Kusto engine - not yet deployed to a real Sentinel tenant
mass-file-download,T1567,M365 Unified Audit Log (OfficeActivity),"execution-verified against a real Kusto engine (logic confirmed correct; high FP risk remains by design, not a bug) - not yet deployed to a real Sentinel tenant"
conditional-access-policy-tampering,T1556.009,Entra ID Audit Logs (AuditLogs),"converted (KQL) - not yet deployed/validated; known gap vs real Microsoft ModifiedProperties format (see log-correlation/README.md), deliberately left unfixed pending a real tenant capture rather than an assumed format"
suspicious-powershell-execution,T1059.001,Defender for Endpoint (imProcessCreate/DeviceProcessEvents),"execution-verified against a real Kusto engine (imProcessCreate table schema stubbed locally for this test - real ASIM normalization function not exercised) - not yet deployed to a real Sentinel tenant"
mfa-fatigue-detection,T1621,Azure AD Sign-in Logs (SigninLogs),converted (KQL) - not yet deployed/validated
